run_name,date,time,timestamp,model,lineage,generation,real_percent,real_loss,perplexity,output_entropy_nats,output_entropy_bits,distinct_1,distinct_2,distinct_3,distinct_4,_file,real_fraction,condition
p160m-mix0-synthetic-20260814-120435,2026-08-14,12:04:54,2026-08-14 12:04:54,EleutherAI/pythia-160m-deduped,synthetic,0,0.0,3.29206,26.8982,3.177778,4.584565,0.160034,0.654201,0.856158,0.92255,p160m-mix0-synthetic-20260814-120435.json,0.0,mix0
p160m-mix0-synthetic-20260814-120435,2026-08-14,12:12:29,2026-08-14 12:12:29,EleutherAI/pythia-160m-deduped,synthetic,1,0.0,3.277676,26.5141,2.571883,3.710443,0.116272,0.522872,0.723346,0.801848,p160m-mix0-synthetic-20260814-120435.json,0.0,mix0
p160m-mix0-synthetic-20260814-120435,2026-08-14,12:21:25,2026-08-14 12:21:25,EleutherAI/pythia-160m-deduped,synthetic,2,0.0,3.2763,26.4776,2.412676,3.480756,0.091583,0.480339,0.701991,0.789078,p160m-mix0-synthetic-20260814-120435.json,0.0,mix0
p160m-mix0-synthetic-20260814-120435,2026-08-14,12:30:34,2026-08-14 12:30:34,EleutherAI/pythia-160m-deduped,synthetic,3,0.0,3.266747,26.2259,1.920007,2.769985,0.091187,0.399737,0.565196,0.641638,p160m-mix0-synthetic-20260814-120435.json,0.0,mix0
p160m-mix0-synthetic-20260814-120435,2026-08-14,12:39:44,2026-08-14 12:39:44,EleutherAI/pythia-160m-deduped,synthetic,4,0.0,3.288713,26.8083,1.898233,2.738571,0.068634,0.355461,0.56489,0.670586,p160m-mix0-synthetic-20260814-120435.json,0.0,mix0
p160m-mix0-synthetic-20260814-133854,2026-08-14,13:39:32,2026-08-14 13:39:32,EleutherAI/pythia-160m-deduped,synthetic,5,0.0,3.296186,27.0094,1.338932,1.931671,0.049713,0.253914,0.404902,0.487475,p160m-mix0-synthetic-20260814-133854.json,0.0,mix0
p160m-mix0-synthetic-20260814-133854,2026-08-14,13:48:19,2026-08-14 13:48:19,EleutherAI/pythia-160m-deduped,synthetic,6,0.0,3.298897,27.0827,1.361621,1.964404,0.06543,0.275349,0.401072,0.470193,p160m-mix0-synthetic-20260814-133854.json,0.0,mix0
p160m-mix0-synthetic-20260814-133854,2026-08-14,13:57:49,2026-08-14 13:57:49,EleutherAI/pythia-160m-deduped,synthetic,7,0.0,3.306182,27.2808,0.758742,1.094633,0.037567,0.144417,0.218321,0.262985,p160m-mix0-synthetic-20260814-133854.json,0.0,mix0
p160m-mix0-synthetic-20260814-133854,2026-08-14,14:07:55,2026-08-14 14:07:55,EleutherAI/pythia-160m-deduped,synthetic,8,0.0,3.314529,27.5094,0.470362,0.678589,0.019836,0.089072,0.133732,0.16199,p160m-mix0-synthetic-20260814-133854.json,0.0,mix0
p160m-mix0-synthetic-20260814-133854,2026-08-14,14:18:03,2026-08-14 14:18:03,EleutherAI/pythia-160m-deduped,synthetic,9,0.0,3.311409,27.4237,0.442731,0.638726,0.009338,0.037855,0.061826,0.082638,p160m-mix0-synthetic-20260814-133854.json,0.0,mix0
p160m-mix0-synthetic-20260814-133854,2026-08-14,14:28:19,2026-08-14 14:28:19,EleutherAI/pythia-160m-deduped,synthetic,10,0.0,3.327457,27.8674,0.437211,0.630762,0.006104,0.018224,0.029197,0.041012,p160m-mix0-synthetic-20260814-133854.json,0.0,mix0
p160m-mix10-synthetic-20260814-135049,2026-08-14,13:51:21,2026-08-14 13:51:21,EleutherAI/pythia-160m-deduped,synthetic,0,10.0,3.29206,26.8982,3.177778,4.584565,0.160034,0.654201,0.856158,0.92255,p160m-mix10-synthetic-20260814-135049.json,10.0,mix10
p160m-mix10-synthetic-20260814-135049,2026-08-14,13:59:58,2026-08-14 13:59:58,EleutherAI/pythia-160m-deduped,synthetic,1,10.0,3.277086,26.4985,2.508851,3.619507,0.105835,0.506513,0.709773,0.791411,p160m-mix10-synthetic-20260814-135049.json,10.0,mix10
p160m-mix10-synthetic-20260814-135049,2026-08-14,14:09:21,2026-08-14 14:09:21,EleutherAI/pythia-160m-deduped,synthetic,2,10.0,3.279671,26.567,1.903394,2.746017,0.080566,0.384295,0.567433,0.649036,p160m-mix10-synthetic-20260814-135049.json,10.0,mix10
p160m-mix10-synthetic-20260814-135049,2026-08-14,14:18:38,2026-08-14 14:18:38,EleutherAI/pythia-160m-deduped,synthetic,3,10.0,3.278575,26.5379,1.663204,2.399496,0.081177,0.352465,0.507077,0.586628,p160m-mix10-synthetic-20260814-135049.json,10.0,mix10
p160m-mix10-synthetic-20260814-170215,2026-08-14,17:02:39,2026-08-14 17:02:39,EleutherAI/pythia-160m-deduped,synthetic,4,10.0,3.26509,26.1825,1.368261,1.973983,0.070312,0.283207,0.414338,0.489501,p160m-mix10-synthetic-20260814-170215.json,10.0,mix10
p160m-mix10-synthetic-20260814-191303,2026-08-14,19:13:40,2026-08-14 19:13:40,EleutherAI/pythia-160m-deduped,synthetic,5,10.0,3.27411,26.4197,1.338885,1.931603,0.058228,0.25584,0.392034,0.462948,p160m-mix10-synthetic-20260814-191303.json,10.0,mix10
p160m-mix10-synthetic-20260814-191303,2026-08-14,19:20:44,2026-08-14 19:20:44,EleutherAI/pythia-160m-deduped,synthetic,6,10.0,3.277436,26.5077,1.243939,1.794625,0.058868,0.257797,0.394179,0.471543,p160m-mix10-synthetic-20260814-191303.json,10.0,mix10
p160m-mix10-synthetic-20260814-191303,2026-08-14,19:28:53,2026-08-14 19:28:53,EleutherAI/pythia-160m-deduped,synthetic,7,10.0,3.268192,26.2638,0.740344,1.068091,0.046661,0.153253,0.222059,0.272655,p160m-mix10-synthetic-20260814-191303.json,10.0,mix10
p160m-mix10-synthetic-20260814-191303,2026-08-14,19:37:06,2026-08-14 19:37:06,EleutherAI/pythia-160m-deduped,synthetic,8,10.0,3.274166,26.4212,0.598529,0.863495,0.031982,0.108672,0.161765,0.203186,p160m-mix10-synthetic-20260814-191303.json,10.0,mix10
p160m-mix10-synthetic-20260814-191303,2026-08-14,19:45:23,2026-08-14 19:45:23,EleutherAI/pythia-160m-deduped,synthetic,9,10.0,3.265715,26.1988,0.386695,0.557883,0.009552,0.037121,0.061857,0.084387,p160m-mix10-synthetic-20260814-191303.json,10.0,mix10
p160m-mix10-synthetic-20260814-191303,2026-08-14,19:53:39,2026-08-14 19:53:39,EleutherAI/pythia-160m-deduped,synthetic,10,10.0,3.275555,26.4579,0.351215,0.506696,0.005096,0.014769,0.025214,0.037359,p160m-mix10-synthetic-20260814-191303.json,10.0,mix10
p160m-mix25-synthetic-20260814-135049,2026-08-14,13:51:20,2026-08-14 13:51:20,EleutherAI/pythia-160m-deduped,synthetic,0,25.0,3.29206,26.8982,3.177778,4.584565,0.160034,0.654201,0.856158,0.92255,p160m-mix25-synthetic-20260814-135049.json,25.0,mix25
p160m-mix25-synthetic-20260814-135049,2026-08-14,14:04:34,2026-08-14 14:04:34,EleutherAI/pythia-160m-deduped,synthetic,1,25.0,3.275671,26.461,2.664662,3.844295,0.124237,0.558158,0.773713,0.85695,p160m-mix25-synthetic-20260814-135049.json,25.0,mix25
p160m-mix25-synthetic-20260814-171017,2026-08-14,17:10:44,2026-08-14 17:10:44,EleutherAI/pythia-160m-deduped,synthetic,2,25.0,3.270524,26.3251,2.538024,3.661595,0.096954,0.519814,0.75867,0.847771,p160m-mix25-synthetic-20260814-171017.json,25.0,mix25
p160m-mix25-synthetic-20260814-171017,2026-08-14,17:17:24,2026-08-14 17:17:24,EleutherAI/pythia-160m-deduped,synthetic,3,25.0,3.257668,25.9889,2.022314,2.917582,0.069275,0.38506,0.592892,0.685658,p160m-mix25-synthetic-20260814-171017.json,25.0,mix25
p160m-mix25-synthetic-20260814-171017,2026-08-14,17:24:03,2026-08-14 17:24:03,EleutherAI/pythia-160m-deduped,synthetic,4,25.0,3.261039,26.0766,1.740868,2.511542,0.049652,0.306507,0.508211,0.592338,p160m-mix25-synthetic-20260814-171017.json,25.0,mix25
p160m-mix25-synthetic-20260814-200010,2026-08-14,20:00:41,2026-08-14 20:00:41,EleutherAI/pythia-160m-deduped,synthetic,5,25.0,3.254634,25.9101,1.865934,2.691974,0.068604,0.351884,0.556342,0.652444,p160m-mix25-synthetic-20260814-200010.json,25.0,mix25
p160m-mix25-synthetic-20260814-200010,2026-08-14,20:06:31,2026-08-14 20:06:31,EleutherAI/pythia-160m-deduped,synthetic,6,25.0,3.265703,26.1985,1.6718,2.411898,0.048615,0.287457,0.494516,0.590619,p160m-mix25-synthetic-20260814-200010.json,25.0,mix25
p160m-mix25-synthetic-20260814-200010,2026-08-14,20:13:20,2026-08-14 20:13:20,EleutherAI/pythia-160m-deduped,synthetic,7,25.0,3.267586,26.2479,1.241032,1.790431,0.043274,0.21927,0.363235,0.440877,p160m-mix25-synthetic-20260814-200010.json,25.0,mix25
p160m-mix25-synthetic-20260814-200010,2026-08-14,20:20:01,2026-08-14 20:20:01,EleutherAI/pythia-160m-deduped,synthetic,8,25.0,3.261528,26.0894,1.156764,1.668858,0.036133,0.189916,0.334957,0.419389,p160m-mix25-synthetic-20260814-200010.json,25.0,mix25
p160m-mix25-synthetic-20260814-200010,2026-08-14,20:26:46,2026-08-14 20:26:46,EleutherAI/pythia-160m-deduped,synthetic,9,25.0,3.266518,26.2199,0.881627,1.271919,0.040863,0.160775,0.249357,0.299668,p160m-mix25-synthetic-20260814-200010.json,25.0,mix25
p160m-mix25-synthetic-20260814-200010,2026-08-14,20:33:32,2026-08-14 20:33:32,EleutherAI/pythia-160m-deduped,synthetic,10,25.0,3.263117,26.1308,0.726302,1.047832,0.033661,0.124664,0.199632,0.251074,p160m-mix25-synthetic-20260814-200010.json,25.0,mix25
p160m-mix50-synthetic-20260814-135049,2026-08-14,13:51:20,2026-08-14 13:51:20,EleutherAI/pythia-160m-deduped,synthetic,0,50.0,3.29206,26.8982,3.177778,4.584565,0.160034,0.654201,0.856158,0.92255,p160m-mix50-synthetic-20260814-135049.json,50.0,mix50
p160m-mix50-synthetic-20260814-135049,2026-08-14,14:00:27,2026-08-14 14:00:27,EleutherAI/pythia-160m-deduped,synthetic,1,50.0,3.270879,26.3345,2.680918,3.867747,0.118134,0.560268,0.767034,0.84593,p160m-mix50-synthetic-20260814-135049.json,50.0,mix50
p160m-mix50-synthetic-20260814-135049,2026-08-14,14:10:33,2026-08-14 14:10:33,EleutherAI/pythia-160m-deduped,synthetic,2,50.0,3.260027,26.0502,2.251883,3.24878,0.120239,0.506085,0.695404,0.77993,p160m-mix50-synthetic-20260814-135049.json,50.0,mix50
p160m-mix50-synthetic-20260814-135049,2026-08-14,14:20:44,2026-08-14 14:20:44,EleutherAI/pythia-160m-deduped,synthetic,3,50.0,3.26165,26.0925,1.934518,2.79092,0.070312,0.385794,0.570404,0.648791,p160m-mix50-synthetic-20260814-135049.json,50.0,mix50
p160m-mix50-synthetic-20260814-171017,2026-08-14,17:10:44,2026-08-14 17:10:44,EleutherAI/pythia-160m-deduped,synthetic,4,50.0,3.263133,26.1313,1.730978,2.497273,0.067535,0.343383,0.510723,0.585492,p160m-mix50-synthetic-20260814-171017.json,50.0,mix50
p160m-mix50-synthetic-20260814-203415,2026-08-14,20:34:48,2026-08-14 20:34:48,EleutherAI/pythia-160m-deduped,synthetic,5,50.0,3.260091,26.0519,1.748044,2.521894,0.076996,0.354269,0.528585,0.602499,p160m-mix50-synthetic-20260814-203415.json,50.0,mix50
p160m-mix50-synthetic-20260814-203415,2026-08-14,20:38:58,2026-08-14 20:38:58,EleutherAI/pythia-160m-deduped,synthetic,6,50.0,3.258464,26.0096,1.645185,2.3735,0.057159,0.31357,0.501716,0.589575,p160m-mix50-synthetic-20260814-203415.json,50.0,mix50
p160m-mix50-synthetic-20260814-203415,2026-08-14,20:43:53,2026-08-14 20:43:53,EleutherAI/pythia-160m-deduped,synthetic,7,50.0,3.258675,26.015,1.250005,1.803376,0.054535,0.256635,0.382629,0.446893,p160m-mix50-synthetic-20260814-203415.json,50.0,mix50
p160m-mix50-synthetic-20260814-203415,2026-08-14,20:48:49,2026-08-14 20:48:49,EleutherAI/pythia-160m-deduped,synthetic,8,50.0,3.257999,25.9975,1.470906,2.122069,0.059082,0.265289,0.43462,0.521335,p160m-mix50-synthetic-20260814-203415.json,50.0,mix50
p160m-mix50-synthetic-20260814-203415,2026-08-14,20:53:47,2026-08-14 20:53:47,EleutherAI/pythia-160m-deduped,synthetic,9,50.0,3.256048,25.9468,1.305427,1.883333,0.052124,0.24101,0.386826,0.45908,p160m-mix50-synthetic-20260814-203415.json,50.0,mix50
p160m-mix50-synthetic-20260814-203415,2026-08-14,20:58:45,2026-08-14 20:58:45,EleutherAI/pythia-160m-deduped,synthetic,10,50.0,3.26179,26.0962,1.191061,1.718338,0.061401,0.233763,0.357629,0.426081,p160m-mix50-synthetic-20260814-203415.json,50.0,mix50
p160m-mix75-synthetic-20260814-135049,2026-08-14,13:51:20,2026-08-14 13:51:20,EleutherAI/pythia-160m-deduped,synthetic,0,75.0,3.29206,26.8982,3.177778,4.584565,0.160034,0.654201,0.856158,0.92255,p160m-mix75-synthetic-20260814-135049.json,75.0,mix75
p160m-mix75-synthetic-20260814-135049,2026-08-14,13:56:25,2026-08-14 13:56:25,EleutherAI/pythia-160m-deduped,synthetic,1,75.0,3.265822,26.2016,2.695247,3.888419,0.12796,0.574333,0.780208,0.851302,p160m-mix75-synthetic-20260814-135049.json,75.0,mix75
p160m-mix75-synthetic-20260814-135049,2026-08-14,14:02:07,2026-08-14 14:02:07,EleutherAI/pythia-160m-deduped,synthetic,2,75.0,3.255308,25.9276,2.26468,3.267243,0.092407,0.468903,0.665901,0.738151,p160m-mix75-synthetic-20260814-135049.json,75.0,mix75
p160m-mix75-synthetic-20260814-135049,2026-08-14,14:08:00,2026-08-14 14:08:00,EleutherAI/pythia-160m-deduped,synthetic,3,75.0,3.255828,25.9411,2.173654,3.13592,0.107483,0.472358,0.659988,0.739379,p160m-mix75-synthetic-20260814-135049.json,75.0,mix75
p160m-mix75-synthetic-20260814-135049,2026-08-14,14:13:56,2026-08-14 14:13:56,EleutherAI/pythia-160m-deduped,synthetic,4,75.0,3.252393,25.8521,2.015954,2.908407,0.101776,0.446918,0.625153,0.702787,p160m-mix75-synthetic-20260814-135049.json,75.0,mix75
p160m-mix75-synthetic-20260814-135049,2026-08-14,14:19:44,2026-08-14 14:19:44,EleutherAI/pythia-160m-deduped,synthetic,5,75.0,3.257022,25.9721,1.805199,2.604352,0.084534,0.395487,0.576195,0.661069,p160m-mix75-synthetic-20260814-135049.json,75.0,mix75
p160m-mix75-synthetic-20260814-135049,2026-08-14,14:25:22,2026-08-14 14:25:22,EleutherAI/pythia-160m-deduped,synthetic,6,75.0,3.258803,26.0184,2.013374,2.904685,0.088348,0.416738,0.615656,0.694407,p160m-mix75-synthetic-20260814-135049.json,75.0,mix75
p160m-mix75-synthetic-20260814-191303,2026-08-14,19:13:40,2026-08-14 19:13:40,EleutherAI/pythia-160m-deduped,synthetic,7,75.0,3.25649,25.9583,1.832064,2.64311,0.089874,0.378241,0.551777,0.626719,p160m-mix75-synthetic-20260814-191303.json,75.0,mix75
p160m-mix75-synthetic-20260814-191303,2026-08-14,19:16:08,2026-08-14 19:16:08,EleutherAI/pythia-160m-deduped,synthetic,8,75.0,3.255939,25.944,1.82432,2.631937,0.087524,0.381941,0.568137,0.653579,p160m-mix75-synthetic-20260814-191303.json,75.0,mix75
p160m-mix75-synthetic-20260814-191303,2026-08-14,19:19:02,2026-08-14 19:19:02,EleutherAI/pythia-160m-deduped,synthetic,9,75.0,3.249125,25.7678,1.586555,2.288915,0.06189,0.302287,0.474295,0.554826,p160m-mix75-synthetic-20260814-191303.json,75.0,mix75
p160m-mix75-synthetic-20260814-191303,2026-08-14,19:21:57,2026-08-14 19:21:57,EleutherAI/pythia-160m-deduped,synthetic,10,75.0,3.255962,25.9445,1.497546,2.160502,0.058899,0.296875,0.455392,0.528487,p160m-mix75-synthetic-20260814-191303.json,75.0,mix75
p160m-mix90-synthetic-20260814-135049,2026-08-14,13:51:21,2026-08-14 13:51:21,EleutherAI/pythia-160m-deduped,synthetic,0,90.0,3.29206,26.8982,3.177778,4.584565,0.160034,0.654201,0.856158,0.92255,p160m-mix90-synthetic-20260814-135049.json,90.0,mix90
p160m-mix90-synthetic-20260814-135049,2026-08-14,13:54:08,2026-08-14 13:54:08,EleutherAI/pythia-160m-deduped,synthetic,1,90.0,3.268041,26.2599,2.404809,3.469406,0.104767,0.5196,0.718413,0.791319,p160m-mix90-synthetic-20260814-135049.json,90.0,mix90
p160m-mix90-synthetic-20260814-135049,2026-08-14,13:57:18,2026-08-14 13:57:18,EleutherAI/pythia-160m-deduped,synthetic,2,90.0,3.251627,25.8323,2.395074,3.455361,0.11673,0.544001,0.756495,0.825945,p160m-mix90-synthetic-20260814-135049.json,90.0,mix90
p160m-mix90-synthetic-20260814-135049,2026-08-14,14:00:32,2026-08-14 14:00:32,EleutherAI/pythia-160m-deduped,synthetic,3,90.0,3.256035,25.9465,2.37856,3.431537,0.123871,0.552226,0.739338,0.814526,p160m-mix90-synthetic-20260814-135049.json,90.0,mix90
p160m-mix90-synthetic-20260814-135049,2026-08-14,14:03:48,2026-08-14 14:03:48,EleutherAI/pythia-160m-deduped,synthetic,4,90.0,3.251673,25.8335,2.390471,3.448721,0.100677,0.505626,0.722457,0.803383,p160m-mix90-synthetic-20260814-135049.json,90.0,mix90
p160m-mix90-synthetic-20260814-135049,2026-08-14,14:07:03,2026-08-14 14:07:03,EleutherAI/pythia-160m-deduped,synthetic,5,90.0,3.248342,25.7476,2.257793,3.257307,0.099091,0.487616,0.698009,0.787512,p160m-mix90-synthetic-20260814-135049.json,90.0,mix90
p160m-mix90-synthetic-20260814-135049,2026-08-14,14:10:32,2026-08-14 14:10:32,EleutherAI/pythia-160m-deduped,synthetic,6,90.0,3.241789,25.5794,2.347768,3.387113,0.080566,0.472144,0.698223,0.783644,p160m-mix90-synthetic-20260814-135049.json,90.0,mix90
p160m-mix90-synthetic-20260814-135049,2026-08-14,14:13:55,2026-08-14 14:13:55,EleutherAI/pythia-160m-deduped,synthetic,7,90.0,3.241281,25.5664,2.255341,3.253769,0.081543,0.458659,0.681005,0.772839,p160m-mix90-synthetic-20260814-135049.json,90.0,mix90
p160m-mix90-synthetic-20260814-135049,2026-08-14,14:17:06,2026-08-14 14:17:06,EleutherAI/pythia-160m-deduped,synthetic,8,90.0,3.250224,25.7961,2.299866,3.318005,0.093414,0.471624,0.679381,0.758565,p160m-mix90-synthetic-20260814-135049.json,90.0,mix90
p160m-mix90-synthetic-20260814-135049,2026-08-14,14:20:47,2026-08-14 14:20:47,EleutherAI/pythia-160m-deduped,synthetic,9,90.0,3.249313,25.7726,2.381231,3.43539,0.117065,0.536815,0.741268,0.820297,p160m-mix90-synthetic-20260814-135049.json,90.0,mix90
p160m-mix90-synthetic-20260814-135049,2026-08-14,14:23:57,2026-08-14 14:23:57,EleutherAI/pythia-160m-deduped,synthetic,10,90.0,3.246234,25.6934,2.116177,3.052998,0.081268,0.441689,0.649449,0.729156,p160m-mix90-synthetic-20260814-135049.json,90.0,mix90
p160m-mix0-real-20260814-115732,2026-08-14,11:57:52,2026-08-14 11:57:52,EleutherAI/pythia-160m-deduped,real,0,100.0,3.29206,26.8982,3.177778,4.584565,0.160034,0.654201,0.856158,0.92255,p160m-mix0-real-20260814-115732.json,100.0,real
p160m-mix0-real-20260814-115732,2026-08-14,11:58:38,2026-08-14 11:58:38,EleutherAI/pythia-160m-deduped,real,1,100.0,3.265378,26.19,2.632997,3.798612,0.078949,0.541677,0.797978,0.872667,p160m-mix0-real-20260814-115732.json,100.0,real
p160m-mix0-real-20260814-115732,2026-08-14,11:59:34,2026-08-14 11:59:34,EleutherAI/pythia-160m-deduped,real,2,100.0,3.267016,26.2329,2.473983,3.569203,0.113098,0.564426,0.785478,0.859436,p160m-mix0-real-20260814-115732.json,100.0,real
p160m-mix0-real-20260814-115732,2026-08-14,12:00:30,2026-08-14 12:00:30,EleutherAI/pythia-160m-deduped,real,3,100.0,3.259931,26.0477,2.467583,3.55997,0.117371,0.552715,0.75144,0.822753,p160m-mix0-real-20260814-115732.json,100.0,real
p160m-mix0-real-20260814-115732,2026-08-14,12:01:26,2026-08-14 12:01:26,EleutherAI/pythia-160m-deduped,real,4,100.0,3.264072,26.1558,2.362094,3.407781,0.107819,0.523453,0.718627,0.79488,p160m-mix0-real-20260814-115732.json,100.0,real
p160m-mix0-real-20260814-134315,2026-08-14,13:43:51,2026-08-14 13:43:51,EleutherAI/pythia-160m-deduped,real,5,100.0,3.256997,25.9714,2.331849,3.364147,0.113647,0.52223,0.722457,0.802493,p160m-mix0-real-20260814-134315.json,100.0,real
p160m-mix0-real-20260814-134315,2026-08-14,13:44:44,2026-08-14 13:44:44,EleutherAI/pythia-160m-deduped,real,6,100.0,3.247821,25.7342,2.404926,3.469575,0.103973,0.524217,0.7178,0.781342,p160m-mix0-real-20260814-134315.json,100.0,real
p160m-mix0-real-20260814-134315,2026-08-14,13:45:46,2026-08-14 13:45:46,EleutherAI/pythia-160m-deduped,real,7,100.0,3.250158,25.7944,2.284495,3.29583,0.103058,0.508134,0.69568,0.773146,p160m-mix0-real-20260814-134315.json,100.0,real
p160m-mix0-real-20260814-134315,2026-08-14,13:46:48,2026-08-14 13:46:48,EleutherAI/pythia-160m-deduped,real,8,100.0,3.258806,26.0185,2.413932,3.482568,0.123962,0.551584,0.739706,0.809492,p160m-mix0-real-20260814-134315.json,100.0,real
p160m-mix0-real-20260814-134315,2026-08-14,13:47:53,2026-08-14 13:47:53,EleutherAI/pythia-160m-deduped,real,9,100.0,3.252796,25.8625,2.283613,3.294557,0.1091,0.520364,0.716115,0.795494,p160m-mix0-real-20260814-134315.json,100.0,real
p160m-mix0-real-20260814-134315,2026-08-14,13:49:00,2026-08-14 13:49:00,EleutherAI/pythia-160m-deduped,real,10,100.0,3.263207,26.1332,2.379802,3.433329,0.107025,0.515931,0.708885,0.781465,p160m-mix0-real-20260814-134315.json,100.0,real
